{
  "name": "Inferno",
  "type": "dark",
  "colors": {
    "editor.background": "#320B0C",
    "editor.foreground": "#FFDB99",
    "editorLineNumber.foreground": "#DE2817",
    "editorLineNumber.activeForeground": "#FFDB99",
    "editorCursor.foreground": "#FB590E",
    "editor.selectionBackground": "#FB590E40",
    "editor.selectionHighlightBackground": "#FB590E25",
    "editor.wordHighlightBackground": "#FB590E30",
    "editor.findMatchBackground": "#FB590E50",
    "editor.findMatchHighlightBackground": "#FB590E30",
    "editor.lineHighlightBackground": "#451012",
    "editorWhitespace.foreground": "#DE281740",
    "editorIndentGuide.background": "#451012",
    "editorIndentGuide.activeBackground": "#DE2817",
    "editorBracketMatch.background": "#FB590E30",
    "editorBracketMatch.border": "#FB590E",
    "sideBar.background": "#451012",
    "sideBar.foreground": "#FFDB99",
    "sideBar.border": "#451012",
    "sideBarTitle.foreground": "#FFDB99",
    "activityBar.background": "#320B0C",
    "activityBar.foreground": "#FFDB99",
    "activityBar.border": "#451012",
    "activityBar.activeBorder": "#FB590E",
    "activityBarBadge.background": "#FB590E",
    "activityBarBadge.foreground": "#320B0C",
    "titleBar.activeBackground": "#320B0C",
    "titleBar.activeForeground": "#FFDB99",
    "titleBar.inactiveBackground": "#451012",
    "titleBar.inactiveForeground": "#DE2817",
    "statusBar.background": "#320B0C",
    "statusBar.foreground": "#DE2817",
    "statusBar.border": "#451012",
    "statusBar.debuggingBackground": "#FB590E",
    "statusBar.debuggingForeground": "#320B0C",
    "tab.activeBackground": "#320B0C",
    "tab.activeForeground": "#FFDB99",
    "tab.activeBorder": "#FB590E",
    "tab.inactiveBackground": "#451012",
    "tab.inactiveForeground": "#DE2817",
    "tab.border": "#451012",
    "panel.background": "#320B0C",
    "panel.border": "#451012",
    "panelTitle.activeBorder": "#FB590E",
    "panelTitle.activeForeground": "#FFDB99",
    "panelTitle.inactiveForeground": "#DE2817",
    "terminal.background": "#320B0C",
    "terminal.foreground": "#FFDB99",
    "terminal.ansiBlack": "#320B0C",
    "terminal.ansiRed": "#d54b0b",
    "terminal.ansiGreen": "#fb6926",
    "terminal.ansiYellow": "#e45345",
    "terminal.ansiBlue": "#FB590E",
    "terminal.ansiMagenta": "#bc420a",
    "terminal.ansiCyan": "#fb7a3e",
    "terminal.ansiWhite": "#FFDB99",
    "terminal.ansiBrightBlack": "#DE2817",
    "terminal.ansiBrightRed": "#FB590E",
    "terminal.ansiBrightGreen": "#fb7a3e",
    "terminal.ansiBrightYellow": "#FFDB99",
    "terminal.ansiBrightBlue": "#fb7132",
    "terminal.ansiBrightMagenta": "#e1500c",
    "terminal.ansiBrightCyan": "#fc8a56",
    "terminal.ansiBrightWhite": "#ffdea3",
    "gitDecoration.modifiedResourceForeground": "#FB590E",
    "gitDecoration.deletedResourceForeground": "#c8470b",
    "gitDecoration.untrackedResourceForeground": "#fb7132",
    "button.background": "#FB590E",
    "button.foreground": "#320B0C",
    "button.hoverBackground": "#fb6926",
    "input.background": "#320B0C",
    "input.foreground": "#FFDB99",
    "input.border": "#451012",
    "input.placeholderForeground": "#DE2817",
    "list.activeSelectionBackground": "#FB590E30",
    "list.activeSelectionForeground": "#FFDB99",
    "list.hoverBackground": "#451012",
    "focusBorder": "#FB590E",
    "scrollbarSlider.background": "#DE281740",
    "scrollbarSlider.hoverBackground": "#DE281760",
    "scrollbarSlider.activeBackground": "#DE281780"
  },
  "tokenColors": [
    {
      "scope": "comment",
      "settings": {
        "foreground": "#DE2817",
        "fontStyle": "italic"
      }
    },
    {
      "scope": [
        "keyword",
        "keyword.control",
        "storage.type",
        "storage.modifier"
      ],
      "settings": {
        "foreground": "#FB590E"
      }
    },
    {
      "scope": "string",
      "settings": {
        "foreground": "#fc8a56"
      }
    },
    {
      "scope": [
        "constant.numeric",
        "constant.language"
      ],
      "settings": {
        "foreground": "#fb7a3e"
      }
    },
    {
      "scope": "variable",
      "settings": {
        "foreground": "#FFDB99"
      }
    },
    {
      "scope": "variable.parameter",
      "settings": {
        "foreground": "#ffdc9e"
      }
    },
    {
      "scope": [
        "entity.name.function",
        "support.function"
      ],
      "settings": {
        "foreground": "#fc824a"
      }
    },
    {
      "scope": [
        "entity.name.type",
        "entity.name.class"
      ],
      "settings": {
        "foreground": "#FFDB99"
      }
    },
    {
      "scope": "entity.name.tag",
      "settings": {
        "foreground": "#FB590E"
      }
    },
    {
      "scope": "entity.other.attribute-name",
      "settings": {
        "foreground": "#fb7132"
      }
    },
    {
      "scope": "punctuation",
      "settings": {
        "foreground": "#DE2817"
      }
    },
    {
      "scope": "meta.decorator",
      "settings": {
        "foreground": "#FB590E"
      }
    }
  ]
}