{
  "name": "Gruvbox Material",
  "type": "dark",
  "colors": {
    "editor.background": "#282828",
    "editor.foreground": "#d3869b",
    "editorLineNumber.foreground": "#665c54",
    "editorLineNumber.activeForeground": "#d3869b",
    "editorCursor.foreground": "#b8bb26",
    "editor.selectionBackground": "#b8bb2640",
    "editor.selectionHighlightBackground": "#b8bb2625",
    "editor.wordHighlightBackground": "#b8bb2630",
    "editor.findMatchBackground": "#b8bb2650",
    "editor.findMatchHighlightBackground": "#b8bb2630",
    "editor.lineHighlightBackground": "#3c3836",
    "editorWhitespace.foreground": "#fabd2f40",
    "editorIndentGuide.background": "#3c3836",
    "editorIndentGuide.activeBackground": "#fabd2f",
    "editorBracketMatch.background": "#b8bb2630",
    "editorBracketMatch.border": "#b8bb26",
    "sideBar.background": "#3c3836",
    "sideBar.foreground": "#d3869b",
    "sideBar.border": "#3c3836",
    "sideBarTitle.foreground": "#d3869b",
    "activityBar.background": "#282828",
    "activityBar.foreground": "#d3869b",
    "activityBar.border": "#3c3836",
    "activityBar.activeBorder": "#b8bb26",
    "activityBarBadge.background": "#b8bb26",
    "activityBarBadge.foreground": "#282828",
    "titleBar.activeBackground": "#282828",
    "titleBar.activeForeground": "#d3869b",
    "titleBar.inactiveBackground": "#3c3836",
    "titleBar.inactiveForeground": "#fabd2f",
    "statusBar.background": "#282828",
    "statusBar.foreground": "#fabd2f",
    "statusBar.border": "#3c3836",
    "statusBar.debuggingBackground": "#b8bb26",
    "statusBar.debuggingForeground": "#282828",
    "tab.activeBackground": "#282828",
    "tab.activeForeground": "#d3869b",
    "tab.activeBorder": "#b8bb26",
    "tab.inactiveBackground": "#3c3836",
    "tab.inactiveForeground": "#fabd2f",
    "tab.border": "#3c3836",
    "panel.background": "#282828",
    "panel.border": "#3c3836",
    "panelTitle.activeBorder": "#b8bb26",
    "panelTitle.activeForeground": "#d3869b",
    "panelTitle.inactiveForeground": "#fabd2f",
    "terminal.background": "#282828",
    "terminal.foreground": "#d3869b",
    "terminal.ansiBlack": "#282828",
    "terminal.ansiRed": "#9c9e20",
    "terminal.ansiGreen": "#bfc13b",
    "terminal.ansiYellow": "#fbca58",
    "terminal.ansiBlue": "#b8bb26",
    "terminal.ansiMagenta": "#8a8c1c",
    "terminal.ansiCyan": "#c6c851",
    "terminal.ansiWhite": "#d3869b",
    "terminal.ansiBrightBlack": "#fabd2f",
    "terminal.ansiBrightRed": "#b8bb26",
    "terminal.ansiBrightGreen": "#c6c851",
    "terminal.ansiBrightYellow": "#d3869b",
    "terminal.ansiBrightBlue": "#c2c546",
    "terminal.ansiBrightMagenta": "#a5a822",
    "terminal.ansiBrightCyan": "#cdcf67",
    "terminal.ansiBrightWhite": "#d792a5",
    "gitDecoration.modifiedResourceForeground": "#b8bb26",
    "gitDecoration.deletedResourceForeground": "#93951e",
    "gitDecoration.untrackedResourceForeground": "#c2c546",
    "button.background": "#b8bb26",
    "button.foreground": "#282828",
    "button.hoverBackground": "#bfc13b",
    "input.background": "#282828",
    "input.foreground": "#d3869b",
    "input.border": "#3c3836",
    "input.placeholderForeground": "#fabd2f",
    "list.activeSelectionBackground": "#b8bb2630",
    "list.activeSelectionForeground": "#d3869b",
    "list.hoverBackground": "#3c3836",
    "focusBorder": "#b8bb26",
    "scrollbarSlider.background": "#fabd2f40",
    "scrollbarSlider.hoverBackground": "#fabd2f60",
    "scrollbarSlider.activeBackground": "#fabd2f80"
  },
  "tokenColors": [
    {
      "scope": "comment",
      "settings": {
        "foreground": "#7c6f64",
        "fontStyle": "italic"
      }
    },
    {
      "scope": [
        "keyword",
        "keyword.control",
        "storage.type",
        "storage.modifier"
      ],
      "settings": {
        "foreground": "#b8bb26"
      }
    },
    {
      "scope": "string",
      "settings": {
        "foreground": "#cdcf67"
      }
    },
    {
      "scope": [
        "constant.numeric",
        "constant.language"
      ],
      "settings": {
        "foreground": "#c6c851"
      }
    },
    {
      "scope": "variable",
      "settings": {
        "foreground": "#d3869b"
      }
    },
    {
      "scope": "variable.parameter",
      "settings": {
        "foreground": "#d58ca0"
      }
    },
    {
      "scope": [
        "entity.name.function",
        "support.function"
      ],
      "settings": {
        "foreground": "#c9cc5c"
      }
    },
    {
      "scope": [
        "entity.name.type",
        "entity.name.class"
      ],
      "settings": {
        "foreground": "#d3869b"
      }
    },
    {
      "scope": "entity.name.tag",
      "settings": {
        "foreground": "#b8bb26"
      }
    },
    {
      "scope": "entity.other.attribute-name",
      "settings": {
        "foreground": "#c2c546"
      }
    },
    {
      "scope": "punctuation",
      "settings": {
        "foreground": "#a89984"
      }
    },
    {
      "scope": "meta.decorator",
      "settings": {
        "foreground": "#b8bb26"
      }
    }
  ]
}