{
  "name": "Arctic",
  "type": "dark",
  "colors": {
    "editor.background": "#0A090C",
    "editor.foreground": "#F0EDEE",
    "editorLineNumber.foreground": "#4a6670",
    "editorLineNumber.activeForeground": "#F0EDEE",
    "editorCursor.foreground": "#2C666E",
    "editor.selectionBackground": "#2C666E40",
    "editor.selectionHighlightBackground": "#2C666E25",
    "editor.wordHighlightBackground": "#2C666E30",
    "editor.findMatchBackground": "#2C666E50",
    "editor.findMatchHighlightBackground": "#2C666E30",
    "editor.lineHighlightBackground": "#151316",
    "editorWhitespace.foreground": "#07393C40",
    "editorIndentGuide.background": "#151316",
    "editorIndentGuide.activeBackground": "#07393C",
    "editorBracketMatch.background": "#2C666E30",
    "editorBracketMatch.border": "#2C666E",
    "sideBar.background": "#151316",
    "sideBar.foreground": "#F0EDEE",
    "sideBar.border": "#151316",
    "sideBarTitle.foreground": "#F0EDEE",
    "activityBar.background": "#0A090C",
    "activityBar.foreground": "#F0EDEE",
    "activityBar.border": "#151316",
    "activityBar.activeBorder": "#2C666E",
    "activityBarBadge.background": "#2C666E",
    "activityBarBadge.foreground": "#0A090C",
    "titleBar.activeBackground": "#0A090C",
    "titleBar.activeForeground": "#F0EDEE",
    "titleBar.inactiveBackground": "#151316",
    "titleBar.inactiveForeground": "#07393C",
    "statusBar.background": "#0A090C",
    "statusBar.foreground": "#07393C",
    "statusBar.border": "#151316",
    "statusBar.debuggingBackground": "#2C666E",
    "statusBar.debuggingForeground": "#0A090C",
    "tab.activeBackground": "#0A090C",
    "tab.activeForeground": "#F0EDEE",
    "tab.activeBorder": "#2C666E",
    "tab.inactiveBackground": "#151316",
    "tab.inactiveForeground": "#07393C",
    "tab.border": "#151316",
    "panel.background": "#0A090C",
    "panel.border": "#151316",
    "panelTitle.activeBorder": "#2C666E",
    "panelTitle.activeForeground": "#F0EDEE",
    "panelTitle.inactiveForeground": "#07393C",
    "terminal.background": "#0A090C",
    "terminal.foreground": "#F0EDEE",
    "terminal.ansiBlack": "#0A090C",
    "terminal.ansiRed": "#25565d",
    "terminal.ansiGreen": "#41757c",
    "terminal.ansiYellow": "#386063",
    "terminal.ansiBlue": "#2C666E",
    "terminal.ansiMagenta": "#214c52",
    "terminal.ansiCyan": "#56848b",
    "terminal.ansiWhite": "#F0EDEE",
    "terminal.ansiBrightBlack": "#07393C",
    "terminal.ansiBrightRed": "#2C666E",
    "terminal.ansiBrightGreen": "#56848b",
    "terminal.ansiBrightYellow": "#F0EDEE",
    "terminal.ansiBrightBlue": "#4b7c83",
    "terminal.ansiBrightMagenta": "#275b63",
    "terminal.ansiBrightCyan": "#6b9399",
    "terminal.ansiBrightWhite": "#f1eeef",
    "gitDecoration.modifiedResourceForeground": "#2C666E",
    "gitDecoration.deletedResourceForeground": "#235158",
    "gitDecoration.untrackedResourceForeground": "#4b7c83",
    "button.background": "#2C666E",
    "button.foreground": "#0A090C",
    "button.hoverBackground": "#41757c",
    "input.background": "#0A090C",
    "input.foreground": "#F0EDEE",
    "input.border": "#151316",
    "input.placeholderForeground": "#07393C",
    "list.activeSelectionBackground": "#2C666E30",
    "list.activeSelectionForeground": "#F0EDEE",
    "list.hoverBackground": "#151316",
    "focusBorder": "#2C666E",
    "scrollbarSlider.background": "#07393C40",
    "scrollbarSlider.hoverBackground": "#07393C60",
    "scrollbarSlider.activeBackground": "#07393C80"
  },
  "tokenColors": [
    {
      "scope": "comment",
      "settings": {
        "foreground": "#4a6670",
        "fontStyle": "italic"
      }
    },
    {
      "scope": [
        "keyword",
        "keyword.control",
        "storage.type",
        "storage.modifier"
      ],
      "settings": {
        "foreground": "#2C666E"
      }
    },
    {
      "scope": "string",
      "settings": {
        "foreground": "#6b9399"
      }
    },
    {
      "scope": [
        "constant.numeric",
        "constant.language"
      ],
      "settings": {
        "foreground": "#56848b"
      }
    },
    {
      "scope": "variable",
      "settings": {
        "foreground": "#F0EDEE"
      }
    },
    {
      "scope": "variable.parameter",
      "settings": {
        "foreground": "#f0edee"
      }
    },
    {
      "scope": [
        "entity.name.function",
        "support.function"
      ],
      "settings": {
        "foreground": "#608c92"
      }
    },
    {
      "scope": [
        "entity.name.type",
        "entity.name.class"
      ],
      "settings": {
        "foreground": "#F0EDEE"
      }
    },
    {
      "scope": "entity.name.tag",
      "settings": {
        "foreground": "#2C666E"
      }
    },
    {
      "scope": "entity.other.attribute-name",
      "settings": {
        "foreground": "#4b7c83"
      }
    },
    {
      "scope": "punctuation",
      "settings": {
        "foreground": "#07393C"
      }
    },
    {
      "scope": "meta.decorator",
      "settings": {
        "foreground": "#2C666E"
      }
    }
  ]
}