{
  "name": "Rose Gold",
  "type": "dark",
  "colors": {
    "editor.background": "#a5385f",
    "editor.foreground": "#f7dcbc",
    "editorLineNumber.foreground": "#da627a",
    "editorLineNumber.activeForeground": "#f7dcbc",
    "editorCursor.foreground": "#ffa6ab",
    "editor.selectionBackground": "#ffa6ab40",
    "editor.selectionHighlightBackground": "#ffa6ab25",
    "editor.wordHighlightBackground": "#ffa6ab30",
    "editor.findMatchBackground": "#ffa6ab50",
    "editor.findMatchHighlightBackground": "#ffa6ab30",
    "editor.lineHighlightBackground": "#8f3052",
    "editorWhitespace.foreground": "#da627a40",
    "editorIndentGuide.background": "#8f3052",
    "editorIndentGuide.activeBackground": "#da627a",
    "editorBracketMatch.background": "#ffa6ab30",
    "editorBracketMatch.border": "#ffa6ab",
    "sideBar.background": "#8f3052",
    "sideBar.foreground": "#f7dcbc",
    "sideBar.border": "#8f3052",
    "sideBarTitle.foreground": "#f7dcbc",
    "activityBar.background": "#a5385f",
    "activityBar.foreground": "#f7dcbc",
    "activityBar.border": "#8f3052",
    "activityBar.activeBorder": "#ffa6ab",
    "activityBarBadge.background": "#ffa6ab",
    "activityBarBadge.foreground": "#a5385f",
    "titleBar.activeBackground": "#a5385f",
    "titleBar.activeForeground": "#f7dcbc",
    "titleBar.inactiveBackground": "#8f3052",
    "titleBar.inactiveForeground": "#da627a",
    "statusBar.background": "#a5385f",
    "statusBar.foreground": "#da627a",
    "statusBar.border": "#8f3052",
    "statusBar.debuggingBackground": "#ffa6ab",
    "statusBar.debuggingForeground": "#a5385f",
    "tab.activeBackground": "#a5385f",
    "tab.activeForeground": "#f7dcbc",
    "tab.activeBorder": "#ffa6ab",
    "tab.inactiveBackground": "#8f3052",
    "tab.inactiveForeground": "#da627a",
    "tab.border": "#8f3052",
    "panel.background": "#a5385f",
    "panel.border": "#8f3052",
    "panelTitle.activeBorder": "#ffa6ab",
    "panelTitle.activeForeground": "#f7dcbc",
    "panelTitle.inactiveForeground": "#da627a",
    "terminal.background": "#a5385f",
    "terminal.foreground": "#f7dcbc",
    "terminal.ansiBlack": "#a5385f",
    "terminal.ansiRed": "#d88d91",
    "terminal.ansiGreen": "#ffaeb3",
    "terminal.ansiYellow": "#e18194",
    "terminal.ansiBlue": "#ffa6ab",
    "terminal.ansiMagenta": "#bf7c80",
    "terminal.ansiCyan": "#ffb7bb",
    "terminal.ansiWhite": "#f7dcbc",
    "terminal.ansiBrightBlack": "#da627a",
    "terminal.ansiBrightRed": "#ffa6ab",
    "terminal.ansiBrightGreen": "#ffb7bb",
    "terminal.ansiBrightYellow": "#f7dcbc",
    "terminal.ansiBrightBlue": "#ffb3b7",
    "terminal.ansiBrightMagenta": "#e59599",
    "terminal.ansiBrightCyan": "#ffc0c4",
    "terminal.ansiBrightWhite": "#f7dfc2",
    "gitDecoration.modifiedResourceForeground": "#ffa6ab",
    "gitDecoration.deletedResourceForeground": "#cc8488",
    "gitDecoration.untrackedResourceForeground": "#ffb3b7",
    "button.background": "#ffa6ab",
    "button.foreground": "#a5385f",
    "button.hoverBackground": "#ffaeb3",
    "input.background": "#a5385f",
    "input.foreground": "#f7dcbc",
    "input.border": "#8f3052",
    "input.placeholderForeground": "#da627a",
    "list.activeSelectionBackground": "#ffa6ab30",
    "list.activeSelectionForeground": "#f7dcbc",
    "list.hoverBackground": "#8f3052",
    "focusBorder": "#ffa6ab",
    "scrollbarSlider.background": "#da627a40",
    "scrollbarSlider.hoverBackground": "#da627a60",
    "scrollbarSlider.activeBackground": "#da627a80"
  },
  "tokenColors": [
    {
      "scope": "comment",
      "settings": {
        "foreground": "#da627a",
        "fontStyle": "italic"
      }
    },
    {
      "scope": [
        "keyword",
        "keyword.control",
        "storage.type",
        "storage.modifier"
      ],
      "settings": {
        "foreground": "#ffa6ab"
      }
    },
    {
      "scope": "string",
      "settings": {
        "foreground": "#ffc0c4"
      }
    },
    {
      "scope": [
        "constant.numeric",
        "constant.language"
      ],
      "settings": {
        "foreground": "#ffb7bb"
      }
    },
    {
      "scope": "variable",
      "settings": {
        "foreground": "#f7dcbc"
      }
    },
    {
      "scope": "variable.parameter",
      "settings": {
        "foreground": "#f7ddbf"
      }
    },
    {
      "scope": [
        "entity.name.function",
        "support.function"
      ],
      "settings": {
        "foreground": "#ffbcc0"
      }
    },
    {
      "scope": [
        "entity.name.type",
        "entity.name.class"
      ],
      "settings": {
        "foreground": "#f7dcbc"
      }
    },
    {
      "scope": "entity.name.tag",
      "settings": {
        "foreground": "#ffa6ab"
      }
    },
    {
      "scope": "entity.other.attribute-name",
      "settings": {
        "foreground": "#ffb3b7"
      }
    },
    {
      "scope": "punctuation",
      "settings": {
        "foreground": "#da627a"
      }
    },
    {
      "scope": "meta.decorator",
      "settings": {
        "foreground": "#ffa6ab"
      }
    }
  ]
}