{
  "name": "Tuned",
  "type": "dark",
  "colors": {
    "editor.background": "#191c20",
    "editor.foreground": "#c5d0dd",
    "editorLineNumber.foreground": "#3a424f",
    "editorLineNumber.activeForeground": "#c5d0dd",
    "editorCursor.foreground": "#54aeff",
    "editor.selectionBackground": "#54aeff40",
    "editor.selectionHighlightBackground": "#54aeff25",
    "editor.wordHighlightBackground": "#54aeff30",
    "editor.findMatchBackground": "#54aeff50",
    "editor.findMatchHighlightBackground": "#54aeff30",
    "editor.lineHighlightBackground": "#1f232a",
    "editorWhitespace.foreground": "#3a424f40",
    "editorIndentGuide.background": "#1f232a",
    "editorIndentGuide.activeBackground": "#3a424f",
    "editorBracketMatch.background": "#54aeff30",
    "editorBracketMatch.border": "#54aeff",
    "sideBar.background": "#1f232a",
    "sideBar.foreground": "#c5d0dd",
    "sideBar.border": "#1f232a",
    "sideBarTitle.foreground": "#c5d0dd",
    "activityBar.background": "#191c20",
    "activityBar.foreground": "#c5d0dd",
    "activityBar.border": "#1f232a",
    "activityBar.activeBorder": "#54aeff",
    "activityBarBadge.background": "#54aeff",
    "activityBarBadge.foreground": "#191c20",
    "titleBar.activeBackground": "#191c20",
    "titleBar.activeForeground": "#c5d0dd",
    "titleBar.inactiveBackground": "#1f232a",
    "titleBar.inactiveForeground": "#3a424f",
    "statusBar.background": "#191c20",
    "statusBar.foreground": "#3a424f",
    "statusBar.border": "#1f232a",
    "statusBar.debuggingBackground": "#54aeff",
    "statusBar.debuggingForeground": "#191c20",
    "tab.activeBackground": "#191c20",
    "tab.activeForeground": "#c5d0dd",
    "tab.activeBorder": "#54aeff",
    "tab.inactiveBackground": "#1f232a",
    "tab.inactiveForeground": "#3a424f",
    "tab.border": "#1f232a",
    "panel.background": "#191c20",
    "panel.border": "#1f232a",
    "panelTitle.activeBorder": "#54aeff",
    "panelTitle.activeForeground": "#c5d0dd",
    "panelTitle.inactiveForeground": "#3a424f",
    "terminal.background": "#191c20",
    "terminal.foreground": "#c5d0dd",
    "terminal.ansiBlack": "#191c20",
    "terminal.ansiRed": "#4793d8",
    "terminal.ansiGreen": "#65b6ff",
    "terminal.ansiYellow": "#616772",
    "terminal.ansiBlue": "#54aeff",
    "terminal.ansiMagenta": "#3f82bf",
    "terminal.ansiCyan": "#76beff",
    "terminal.ansiWhite": "#c5d0dd",
    "terminal.ansiBrightBlack": "#3a424f",
    "terminal.ansiBrightRed": "#54aeff",
    "terminal.ansiBrightGreen": "#76beff",
    "terminal.ansiBrightYellow": "#c5d0dd",
    "terminal.ansiBrightBlue": "#6dbaff",
    "terminal.ansiBrightMagenta": "#4b9ce5",
    "terminal.ansiBrightCyan": "#87c6ff",
    "terminal.ansiBrightWhite": "#cad4e0",
    "gitDecoration.modifiedResourceForeground": "#54aeff",
    "gitDecoration.deletedResourceForeground": "#438bcc",
    "gitDecoration.untrackedResourceForeground": "#6dbaff",
    "button.background": "#54aeff",
    "button.foreground": "#191c20",
    "button.hoverBackground": "#65b6ff",
    "input.background": "#191c20",
    "input.foreground": "#c5d0dd",
    "input.border": "#1f232a",
    "input.placeholderForeground": "#3a424f",
    "list.activeSelectionBackground": "#54aeff30",
    "list.activeSelectionForeground": "#c5d0dd",
    "list.hoverBackground": "#1f232a",
    "focusBorder": "#54aeff",
    "scrollbarSlider.background": "#3a424f40",
    "scrollbarSlider.hoverBackground": "#3a424f60",
    "scrollbarSlider.activeBackground": "#3a424f80"
  },
  "tokenColors": [
    {
      "scope": "comment",
      "settings": {
        "foreground": "#3a424f",
        "fontStyle": "italic"
      }
    },
    {
      "scope": [
        "keyword",
        "keyword.control",
        "storage.type",
        "storage.modifier"
      ],
      "settings": {
        "foreground": "#54aeff"
      }
    },
    {
      "scope": "string",
      "settings": {
        "foreground": "#87c6ff"
      }
    },
    {
      "scope": [
        "constant.numeric",
        "constant.language"
      ],
      "settings": {
        "foreground": "#76beff"
      }
    },
    {
      "scope": "variable",
      "settings": {
        "foreground": "#c5d0dd"
      }
    },
    {
      "scope": "variable.parameter",
      "settings": {
        "foreground": "#c7d2de"
      }
    },
    {
      "scope": [
        "entity.name.function",
        "support.function"
      ],
      "settings": {
        "foreground": "#7ec2ff"
      }
    },
    {
      "scope": [
        "entity.name.type",
        "entity.name.class"
      ],
      "settings": {
        "foreground": "#c5d0dd"
      }
    },
    {
      "scope": "entity.name.tag",
      "settings": {
        "foreground": "#54aeff"
      }
    },
    {
      "scope": "entity.other.attribute-name",
      "settings": {
        "foreground": "#6dbaff"
      }
    },
    {
      "scope": "punctuation",
      "settings": {
        "foreground": "#3a424f"
      }
    },
    {
      "scope": "meta.decorator",
      "settings": {
        "foreground": "#54aeff"
      }
    }
  ]
}