{
  "name": "Fleek Gradient",
  "type": "dark",
  "colors": {
    "editor.background": "#0b0b0b",
    "editor.foreground": "#30a46c",
    "editorLineNumber.foreground": "#0090ff",
    "editorLineNumber.activeForeground": "#30a46c",
    "editorCursor.foreground": "#ffe629",
    "editor.selectionBackground": "#ffe62940",
    "editor.selectionHighlightBackground": "#ffe62925",
    "editor.wordHighlightBackground": "#ffe62930",
    "editor.findMatchBackground": "#ffe62950",
    "editor.findMatchHighlightBackground": "#ffe62930",
    "editor.lineHighlightBackground": "#151515",
    "editorWhitespace.foreground": "#0090ff40",
    "editorIndentGuide.background": "#151515",
    "editorIndentGuide.activeBackground": "#0090ff",
    "editorBracketMatch.background": "#ffe62930",
    "editorBracketMatch.border": "#ffe629",
    "sideBar.background": "#151515",
    "sideBar.foreground": "#30a46c",
    "sideBar.border": "#151515",
    "sideBarTitle.foreground": "#30a46c",
    "activityBar.background": "#0b0b0b",
    "activityBar.foreground": "#30a46c",
    "activityBar.border": "#151515",
    "activityBar.activeBorder": "#ffe629",
    "activityBarBadge.background": "#ffe629",
    "activityBarBadge.foreground": "#0b0b0b",
    "titleBar.activeBackground": "#0b0b0b",
    "titleBar.activeForeground": "#30a46c",
    "titleBar.inactiveBackground": "#151515",
    "titleBar.inactiveForeground": "#0090ff",
    "statusBar.background": "#0b0b0b",
    "statusBar.foreground": "#0090ff",
    "statusBar.border": "#151515",
    "statusBar.debuggingBackground": "#ffe629",
    "statusBar.debuggingForeground": "#0b0b0b",
    "tab.activeBackground": "#0b0b0b",
    "tab.activeForeground": "#30a46c",
    "tab.activeBorder": "#ffe629",
    "tab.inactiveBackground": "#151515",
    "tab.inactiveForeground": "#0090ff",
    "tab.border": "#151515",
    "panel.background": "#0b0b0b",
    "panel.border": "#151515",
    "panelTitle.activeBorder": "#ffe629",
    "panelTitle.activeForeground": "#30a46c",
    "panelTitle.inactiveForeground": "#0090ff",
    "terminal.background": "#0b0b0b",
    "terminal.foreground": "#30a46c",
    "terminal.ansiBlack": "#0b0b0b",
    "terminal.ansiRed": "#d8c322",
    "terminal.ansiGreen": "#ffe83e",
    "terminal.ansiYellow": "#33a6ff",
    "terminal.ansiBlue": "#ffe629",
    "terminal.ansiMagenta": "#bfac1e",
    "terminal.ansiCyan": "#ffeb53",
    "terminal.ansiWhite": "#30a46c",
    "terminal.ansiBrightBlack": "#0090ff",
    "terminal.ansiBrightRed": "#ffe629",
    "terminal.ansiBrightGreen": "#ffeb53",
    "terminal.ansiBrightYellow": "#30a46c",
    "terminal.ansiBrightBlue": "#ffe949",
    "terminal.ansiBrightMagenta": "#e5cf24",
    "terminal.ansiBrightCyan": "#ffed69",
    "terminal.ansiBrightWhite": "#44ad7a",
    "gitDecoration.modifiedResourceForeground": "#ffe629",
    "gitDecoration.deletedResourceForeground": "#ccb820",
    "gitDecoration.untrackedResourceForeground": "#ffe949",
    "button.background": "#ffe629",
    "button.foreground": "#0b0b0b",
    "button.hoverBackground": "#ffe83e",
    "input.background": "#0b0b0b",
    "input.foreground": "#30a46c",
    "input.border": "#151515",
    "input.placeholderForeground": "#0090ff",
    "list.activeSelectionBackground": "#ffe62930",
    "list.activeSelectionForeground": "#30a46c",
    "list.hoverBackground": "#151515",
    "focusBorder": "#ffe629",
    "scrollbarSlider.background": "#0090ff40",
    "scrollbarSlider.hoverBackground": "#0090ff60",
    "scrollbarSlider.activeBackground": "#0090ff80"
  },
  "tokenColors": [
    {
      "scope": "comment",
      "settings": {
        "foreground": "#0090ff",
        "fontStyle": "italic"
      }
    },
    {
      "scope": [
        "keyword",
        "keyword.control",
        "storage.type",
        "storage.modifier"
      ],
      "settings": {
        "foreground": "#ffe629"
      }
    },
    {
      "scope": "string",
      "settings": {
        "foreground": "#ffed69"
      }
    },
    {
      "scope": [
        "constant.numeric",
        "constant.language"
      ],
      "settings": {
        "foreground": "#ffeb53"
      }
    },
    {
      "scope": "variable",
      "settings": {
        "foreground": "#30a46c"
      }
    },
    {
      "scope": "variable.parameter",
      "settings": {
        "foreground": "#3aa873"
      }
    },
    {
      "scope": [
        "entity.name.function",
        "support.function"
      ],
      "settings": {
        "foreground": "#ffec5e"
      }
    },
    {
      "scope": [
        "entity.name.type",
        "entity.name.class"
      ],
      "settings": {
        "foreground": "#30a46c"
      }
    },
    {
      "scope": "entity.name.tag",
      "settings": {
        "foreground": "#ffe629"
      }
    },
    {
      "scope": "entity.other.attribute-name",
      "settings": {
        "foreground": "#ffe949"
      }
    },
    {
      "scope": "punctuation",
      "settings": {
        "foreground": "#0090ff"
      }
    },
    {
      "scope": "meta.decorator",
      "settings": {
        "foreground": "#ffe629"
      }
    }
  ]
}