{
  "name": "Vaporwave",
  "type": "dark",
  "colors": {
    "editor.background": "#4C1A57",
    "editor.foreground": "#00E5E8",
    "editorLineNumber.foreground": "#85FFFB",
    "editorLineNumber.activeForeground": "#00E5E8",
    "editorCursor.foreground": "#FF3CC7",
    "editor.selectionBackground": "#FF3CC740",
    "editor.selectionHighlightBackground": "#FF3CC725",
    "editor.wordHighlightBackground": "#FF3CC730",
    "editor.findMatchBackground": "#FF3CC750",
    "editor.findMatchHighlightBackground": "#FF3CC730",
    "editor.lineHighlightBackground": "#5f2169",
    "editorWhitespace.foreground": "#85FFFB40",
    "editorIndentGuide.background": "#5f2169",
    "editorIndentGuide.activeBackground": "#85FFFB",
    "editorBracketMatch.background": "#FF3CC730",
    "editorBracketMatch.border": "#FF3CC7",
    "sideBar.background": "#5f2169",
    "sideBar.foreground": "#00E5E8",
    "sideBar.border": "#5f2169",
    "sideBarTitle.foreground": "#00E5E8",
    "activityBar.background": "#4C1A57",
    "activityBar.foreground": "#00E5E8",
    "activityBar.border": "#5f2169",
    "activityBar.activeBorder": "#FF3CC7",
    "activityBarBadge.background": "#FF3CC7",
    "activityBarBadge.foreground": "#4C1A57",
    "titleBar.activeBackground": "#4C1A57",
    "titleBar.activeForeground": "#00E5E8",
    "titleBar.inactiveBackground": "#5f2169",
    "titleBar.inactiveForeground": "#85FFFB",
    "statusBar.background": "#4C1A57",
    "statusBar.foreground": "#85FFFB",
    "statusBar.border": "#5f2169",
    "statusBar.debuggingBackground": "#FF3CC7",
    "statusBar.debuggingForeground": "#4C1A57",
    "tab.activeBackground": "#4C1A57",
    "tab.activeForeground": "#00E5E8",
    "tab.activeBorder": "#FF3CC7",
    "tab.inactiveBackground": "#5f2169",
    "tab.inactiveForeground": "#85FFFB",
    "tab.border": "#5f2169",
    "panel.background": "#4C1A57",
    "panel.border": "#5f2169",
    "panelTitle.activeBorder": "#FF3CC7",
    "panelTitle.activeForeground": "#00E5E8",
    "panelTitle.inactiveForeground": "#85FFFB",
    "terminal.background": "#4C1A57",
    "terminal.foreground": "#00E5E8",
    "terminal.ansiBlack": "#4C1A57",
    "terminal.ansiRed": "#d833a9",
    "terminal.ansiGreen": "#ff4fcc",
    "terminal.ansiYellow": "#9dfffb",
    "terminal.ansiBlue": "#FF3CC7",
    "terminal.ansiMagenta": "#bf2d95",
    "terminal.ansiCyan": "#ff63d2",
    "terminal.ansiWhite": "#00E5E8",
    "terminal.ansiBrightBlack": "#85FFFB",
    "terminal.ansiBrightRed": "#FF3CC7",
    "terminal.ansiBrightGreen": "#ff63d2",
    "terminal.ansiBrightYellow": "#00E5E8",
    "terminal.ansiBrightBlue": "#ff59cf",
    "terminal.ansiBrightMagenta": "#e536b3",
    "terminal.ansiBrightCyan": "#ff76d7",
    "terminal.ansiBrightWhite": "#19e7ea",
    "gitDecoration.modifiedResourceForeground": "#FF3CC7",
    "gitDecoration.deletedResourceForeground": "#cc309f",
    "gitDecoration.untrackedResourceForeground": "#ff59cf",
    "button.background": "#FF3CC7",
    "button.foreground": "#4C1A57",
    "button.hoverBackground": "#ff4fcc",
    "input.background": "#4C1A57",
    "input.foreground": "#00E5E8",
    "input.border": "#5f2169",
    "input.placeholderForeground": "#85FFFB",
    "list.activeSelectionBackground": "#FF3CC730",
    "list.activeSelectionForeground": "#00E5E8",
    "list.hoverBackground": "#5f2169",
    "focusBorder": "#FF3CC7",
    "scrollbarSlider.background": "#85FFFB40",
    "scrollbarSlider.hoverBackground": "#85FFFB60",
    "scrollbarSlider.activeBackground": "#85FFFB80"
  },
  "tokenColors": [
    {
      "scope": "comment",
      "settings": {
        "foreground": "#85FFFB",
        "fontStyle": "italic"
      }
    },
    {
      "scope": [
        "keyword",
        "keyword.control",
        "storage.type",
        "storage.modifier"
      ],
      "settings": {
        "foreground": "#FF3CC7"
      }
    },
    {
      "scope": "string",
      "settings": {
        "foreground": "#ff76d7"
      }
    },
    {
      "scope": [
        "constant.numeric",
        "constant.language"
      ],
      "settings": {
        "foreground": "#ff63d2"
      }
    },
    {
      "scope": "variable",
      "settings": {
        "foreground": "#00E5E8"
      }
    },
    {
      "scope": "variable.parameter",
      "settings": {
        "foreground": "#0ce6e9"
      }
    },
    {
      "scope": [
        "entity.name.function",
        "support.function"
      ],
      "settings": {
        "foreground": "#ff6cd5"
      }
    },
    {
      "scope": [
        "entity.name.type",
        "entity.name.class"
      ],
      "settings": {
        "foreground": "#00E5E8"
      }
    },
    {
      "scope": "entity.name.tag",
      "settings": {
        "foreground": "#FF3CC7"
      }
    },
    {
      "scope": "entity.other.attribute-name",
      "settings": {
        "foreground": "#ff59cf"
      }
    },
    {
      "scope": "punctuation",
      "settings": {
        "foreground": "#85FFFB"
      }
    },
    {
      "scope": "meta.decorator",
      "settings": {
        "foreground": "#FF3CC7"
      }
    }
  ]
}