{
  "name": "Neoform",
  "type": "light",
  "colors": {
    "editor.background": "#e8ecf2",
    "editor.foreground": "#2d3848",
    "editorLineNumber.foreground": "#8896a8",
    "editorLineNumber.activeForeground": "#2d3848",
    "editorCursor.foreground": "#0969da",
    "editor.selectionBackground": "#0969da30",
    "editor.selectionHighlightBackground": "#0969da20",
    "editor.wordHighlightBackground": "#0969da25",
    "editor.findMatchBackground": "#0969da40",
    "editor.findMatchHighlightBackground": "#0969da25",
    "editor.lineHighlightBackground": "#e8ecf2",
    "editorWhitespace.foreground": "#8896a840",
    "editorIndentGuide.background": "#e8ecf2",
    "editorIndentGuide.activeBackground": "#8896a8",
    "editorBracketMatch.background": "#0969da25",
    "editorBracketMatch.border": "#0969da",
    "sideBar.background": "#e8ecf2",
    "sideBar.foreground": "#2d3848",
    "sideBar.border": "#e8ecf2",
    "sideBarTitle.foreground": "#2d3848",
    "activityBar.background": "#e8ecf2",
    "activityBar.foreground": "#2d3848",
    "activityBar.border": "#e8ecf2",
    "activityBar.activeBorder": "#0969da",
    "activityBarBadge.background": "#0969da",
    "activityBarBadge.foreground": "#e8ecf2",
    "titleBar.activeBackground": "#e8ecf2",
    "titleBar.activeForeground": "#2d3848",
    "titleBar.inactiveBackground": "#e8ecf2",
    "titleBar.inactiveForeground": "#8896a8",
    "statusBar.background": "#e8ecf2",
    "statusBar.foreground": "#8896a8",
    "statusBar.border": "#e8ecf2",
    "statusBar.debuggingBackground": "#0969da",
    "statusBar.debuggingForeground": "#e8ecf2",
    "tab.activeBackground": "#e8ecf2",
    "tab.activeForeground": "#2d3848",
    "tab.activeBorder": "#0969da",
    "tab.inactiveBackground": "#e8ecf2",
    "tab.inactiveForeground": "#8896a8",
    "tab.border": "#e8ecf2",
    "panel.background": "#e8ecf2",
    "panel.border": "#e8ecf2",
    "panelTitle.activeBorder": "#0969da",
    "panelTitle.activeForeground": "#2d3848",
    "panelTitle.inactiveForeground": "#8896a8",
    "terminal.background": "#e8ecf2",
    "terminal.foreground": "#2d3848",
    "terminal.ansiBlack": "#2d3848",
    "terminal.ansiRed": "#0759b9",
    "terminal.ansiGreen": "#2178dd",
    "terminal.ansiYellow": "#8896a8",
    "terminal.ansiBlue": "#0969da",
    "terminal.ansiMagenta": "#064ea3",
    "terminal.ansiCyan": "#2d7fdf",
    "terminal.ansiWhite": "#e8ecf2",
    "terminal.ansiBrightBlack": "#8896a8",
    "terminal.ansiBrightRed": "#0969da",
    "terminal.ansiBrightGreen": "#2d7fdf",
    "terminal.ansiBrightYellow": "#93a0b0",
    "terminal.ansiBrightBlue": "#2178dd",
    "terminal.ansiBrightMagenta": "#085ec4",
    "terminal.ansiBrightCyan": "#468ee3",
    "terminal.ansiBrightWhite": "#e9ecf2",
    "gitDecoration.modifiedResourceForeground": "#0969da",
    "gitDecoration.deletedResourceForeground": "#0754ae",
    "gitDecoration.untrackedResourceForeground": "#2178dd",
    "button.background": "#0969da",
    "button.foreground": "#e8ecf2",
    "button.hoverBackground": "#085ec4",
    "input.background": "#e8ecf2",
    "input.foreground": "#2d3848",
    "input.border": "#e8ecf2",
    "input.placeholderForeground": "#8896a8",
    "list.activeSelectionBackground": "#0969da25",
    "list.activeSelectionForeground": "#2d3848",
    "list.hoverBackground": "#e8ecf2",
    "focusBorder": "#0969da",
    "scrollbarSlider.background": "#8896a840",
    "scrollbarSlider.hoverBackground": "#8896a860",
    "scrollbarSlider.activeBackground": "#8896a880"
  },
  "tokenColors": [
    {
      "scope": "comment",
      "settings": {
        "foreground": "#8896a8",
        "fontStyle": "italic"
      }
    },
    {
      "scope": [
        "keyword",
        "keyword.control",
        "storage.type",
        "storage.modifier"
      ],
      "settings": {
        "foreground": "#0969da"
      }
    },
    {
      "scope": "string",
      "settings": {
        "foreground": "#0759b9"
      }
    },
    {
      "scope": [
        "constant.numeric",
        "constant.language"
      ],
      "settings": {
        "foreground": "#085ec4"
      }
    },
    {
      "scope": "variable",
      "settings": {
        "foreground": "#2d3848"
      }
    },
    {
      "scope": "variable.parameter",
      "settings": {
        "foreground": "#283240"
      }
    },
    {
      "scope": [
        "entity.name.function",
        "support.function"
      ],
      "settings": {
        "foreground": "#0863cf"
      }
    },
    {
      "scope": [
        "entity.name.type",
        "entity.name.class"
      ],
      "settings": {
        "foreground": "#2d3848"
      }
    },
    {
      "scope": "entity.name.tag",
      "settings": {
        "foreground": "#0969da"
      }
    },
    {
      "scope": "entity.other.attribute-name",
      "settings": {
        "foreground": "#085ec4"
      }
    },
    {
      "scope": "punctuation",
      "settings": {
        "foreground": "#8896a8"
      }
    },
    {
      "scope": "meta.decorator",
      "settings": {
        "foreground": "#0969da"
      }
    }
  ]
}