{
  "name": "Acid Rain",
  "type": "dark",
  "colors": {
    "editor.background": "#030508",
    "editor.foreground": "#88cc99",
    "editorLineNumber.foreground": "#1a2420",
    "editorLineNumber.activeForeground": "#3a5440",
    "editorCursor.foreground": "#00ff88",
    "editor.selectionBackground": "#00ff8830",
    "editor.selectionHighlightBackground": "#00ff8818",
    "editor.wordHighlightBackground": "#00ff8820",
    "editor.findMatchBackground": "#00ff8840",
    "editor.findMatchHighlightBackground": "#00ff8825",
    "editor.lineHighlightBackground": "#060a0c",
    "editorWhitespace.foreground": "#1a2420",
    "editorIndentGuide.background": "#0a0f10",
    "editorIndentGuide.activeBackground": "#1a2a22",
    "editorBracketMatch.background": "#00ff8825",
    "editorBracketMatch.border": "#00ff8860",
    "sideBar.background": "#040608",
    "sideBar.foreground": "#5a8866",
    "sideBar.border": "#0a0e10",
    "sideBarTitle.foreground": "#6a9876",
    "activityBar.background": "#030508",
    "activityBar.foreground": "#5a9866",
    "activityBar.border": "#0a0e10",
    "activityBar.activeBorder": "#00ff88",
    "activityBarBadge.background": "#00ff88",
    "activityBarBadge.foreground": "#030508",
    "titleBar.activeBackground": "#030508",
    "titleBar.activeForeground": "#6a9876",
    "titleBar.inactiveBackground": "#040608",
    "titleBar.inactiveForeground": "#3a5844",
    "statusBar.background": "#030508",
    "statusBar.foreground": "#3a6844",
    "statusBar.border": "#0a0e10",
    "statusBar.debuggingBackground": "#ff4444",
    "statusBar.debuggingForeground": "#030508",
    "tab.activeBackground": "#030508",
    "tab.activeForeground": "#88cc99",
    "tab.activeBorder": "#00ff88",
    "tab.inactiveBackground": "#040608",
    "tab.inactiveForeground": "#3a5844",
    "tab.border": "#0a0e10",
    "panel.background": "#030508",
    "panel.border": "#0a0e10",
    "panelTitle.activeBorder": "#00ff88",
    "panelTitle.activeForeground": "#6a9876",
    "panelTitle.inactiveForeground": "#2a3830",
    "terminal.background": "#030508",
    "terminal.foreground": "#88cc99",
    "terminal.ansiBlack": "#030508",
    "terminal.ansiRed": "#ff4455",
    "terminal.ansiGreen": "#00ff88",
    "terminal.ansiYellow": "#ccff00",
    "terminal.ansiBlue": "#00aaff",
    "terminal.ansiMagenta": "#ff00aa",
    "terminal.ansiCyan": "#00ffcc",
    "terminal.ansiWhite": "#88cc99",
    "terminal.ansiBrightBlack": "#3a5844",
    "terminal.ansiBrightRed": "#ff6677",
    "terminal.ansiBrightGreen": "#44ffaa",
    "terminal.ansiBrightYellow": "#ddff44",
    "terminal.ansiBrightBlue": "#44ccff",
    "terminal.ansiBrightMagenta": "#ff44cc",
    "terminal.ansiBrightCyan": "#44ffdd",
    "terminal.ansiBrightWhite": "#aaeebb",
    "gitDecoration.modifiedResourceForeground": "#00aaff",
    "gitDecoration.deletedResourceForeground": "#ff4455",
    "gitDecoration.untrackedResourceForeground": "#00ff88",
    "button.background": "#00ff88",
    "button.foreground": "#030508",
    "button.hoverBackground": "#44ffaa",
    "input.background": "#040608",
    "input.foreground": "#88cc99",
    "input.border": "#0a1010",
    "input.placeholderForeground": "#2a3830",
    "list.activeSelectionBackground": "#00ff8820",
    "list.activeSelectionForeground": "#88cc99",
    "list.hoverBackground": "#060a0c",
    "focusBorder": "#00ff8860",
    "scrollbarSlider.background": "#1a2a2240",
    "scrollbarSlider.hoverBackground": "#2a3a3260",
    "scrollbarSlider.activeBackground": "#3a4a4280"
  },
  "tokenColors": [
    {
      "scope": "comment",
      "settings": {
        "foreground": "#1e2a24",
        "fontStyle": "italic"
      }
    },
    {
      "scope": "punctuation",
      "settings": {
        "foreground": "#3a5844"
      }
    },
    {
      "scope": "variable",
      "settings": {
        "foreground": "#88cc99"
      }
    },
    {
      "scope": "variable.parameter",
      "settings": {
        "foreground": "#ffaa44"
      }
    },
    {
      "scope": "string",
      "settings": {
        "foreground": "#00ff88"
      }
    },
    {
      "scope": [
        "keyword",
        "keyword.control",
        "storage.type",
        "storage.modifier"
      ],
      "settings": {
        "foreground": "#00aaff"
      }
    },
    {
      "scope": [
        "constant.numeric",
        "constant.language"
      ],
      "settings": {
        "foreground": "#cc88ff"
      }
    },
    {
      "scope": [
        "entity.name.function",
        "support.function"
      ],
      "settings": {
        "foreground": "#ccff00"
      }
    },
    {
      "scope": [
        "entity.name.type",
        "entity.name.class"
      ],
      "settings": {
        "foreground": "#00ffcc"
      }
    },
    {
      "scope": "entity.name.tag",
      "settings": {
        "foreground": "#ff00aa"
      }
    },
    {
      "scope": "entity.other.attribute-name",
      "settings": {
        "foreground": "#88ff44"
      }
    },
    {
      "scope": "meta.decorator",
      "settings": {
        "foreground": "#ffaa00"
      }
    },
    {
      "scope": [
        "support.type",
        "support.class"
      ],
      "settings": {
        "foreground": "#00ddbb"
      }
    },
    {
      "scope": "constant.other",
      "settings": {
        "foreground": "#77bbff"
      }
    },
    {
      "scope": [
        "markup.heading.markdown",
        "markup.heading",
        "entity.name.section.markdown"
      ],
      "settings": {
        "foreground": "#6a9876",
        "fontStyle": "bold"
      }
    },
    {
      "scope": [
        "heading.1.markdown"
      ],
      "settings": {
        "foreground": "#6a9876",
        "fontStyle": "bold"
      }
    },
    {
      "scope": [
        "heading.2.markdown"
      ],
      "settings": {
        "foreground": "#5a8866",
        "fontStyle": "bold"
      }
    },
    {
      "scope": [
        "heading.3.markdown"
      ],
      "settings": {
        "foreground": "#5a8866",
        "fontStyle": "bold"
      }
    },
    {
      "scope": [
        "heading.4.markdown"
      ],
      "settings": {
        "foreground": "#4a7855",
        "fontStyle": "bold"
      }
    },
    {
      "scope": [
        "heading.5.markdown"
      ],
      "settings": {
        "foreground": "#4a7855",
        "fontStyle": "bold"
      }
    },
    {
      "scope": [
        "heading.6.markdown"
      ],
      "settings": {
        "foreground": "#3a6844",
        "fontStyle": "bold"
      }
    },
    {
      "scope": "markup.bold",
      "settings": {
        "foreground": "#ccffdd",
        "fontStyle": "bold"
      }
    },
    {
      "scope": "markup.italic",
      "settings": {
        "foreground": "#77ddaa",
        "fontStyle": "italic"
      }
    },
    {
      "scope": "markup.inline.raw",
      "settings": {
        "foreground": "#00ccaa"
      }
    },
    {
      "scope": [
        "markup.list.numbered",
        "markup.list.unnumbered",
        "punctuation.definition.list"
      ],
      "settings": {
        "foreground": "#5a9866"
      }
    },
    {
      "scope": "markup.quote",
      "settings": {
        "foreground": "#4a7855",
        "fontStyle": "italic"
      }
    },
    {
      "scope": [
        "markup.fenced_code",
        "markup.raw.block"
      ],
      "settings": {
        "foreground": "#88cc99"
      }
    },
    {
      "scope": "fenced_code.block.language",
      "settings": {
        "foreground": "#44aa77"
      }
    },
    {
      "scope": [
        "meta.link",
        "markup.underline.link"
      ],
      "settings": {
        "foreground": "#00ddbb"
      }
    },
    {
      "scope": "punctuation.definition.heading",
      "settings": {
        "foreground": "#3a5844"
      }
    }
  ]
}
