{
  "name": "Cobalt2",
  "type": "dark",
  "colors": {
    "editor.background": "#193549",
    "editor.foreground": "#80ffbb",
    "editorLineNumber.foreground": "#ffc600",
    "editorLineNumber.activeForeground": "#80ffbb",
    "editorCursor.foreground": "#ff9d00",
    "editor.selectionBackground": "#ff9d0040",
    "editor.selectionHighlightBackground": "#ff9d0025",
    "editor.wordHighlightBackground": "#ff9d0030",
    "editor.findMatchBackground": "#ff9d0050",
    "editor.findMatchHighlightBackground": "#ff9d0030",
    "editor.lineHighlightBackground": "#1f4462",
    "editorWhitespace.foreground": "#ffc60040",
    "editorIndentGuide.background": "#1f4462",
    "editorIndentGuide.activeBackground": "#ffc600",
    "editorBracketMatch.background": "#ff9d0030",
    "editorBracketMatch.border": "#ff9d00",
    "sideBar.background": "#1f4462",
    "sideBar.foreground": "#80ffbb",
    "sideBar.border": "#1f4462",
    "sideBarTitle.foreground": "#80ffbb",
    "activityBar.background": "#193549",
    "activityBar.foreground": "#80ffbb",
    "activityBar.border": "#1f4462",
    "activityBar.activeBorder": "#ff9d00",
    "activityBarBadge.background": "#ff9d00",
    "activityBarBadge.foreground": "#193549",
    "titleBar.activeBackground": "#193549",
    "titleBar.activeForeground": "#80ffbb",
    "titleBar.inactiveBackground": "#1f4462",
    "titleBar.inactiveForeground": "#ffc600",
    "statusBar.background": "#193549",
    "statusBar.foreground": "#ffc600",
    "statusBar.border": "#1f4462",
    "statusBar.debuggingBackground": "#ff9d00",
    "statusBar.debuggingForeground": "#193549",
    "tab.activeBackground": "#193549",
    "tab.activeForeground": "#80ffbb",
    "tab.activeBorder": "#ff9d00",
    "tab.inactiveBackground": "#1f4462",
    "tab.inactiveForeground": "#ffc600",
    "tab.border": "#1f4462",
    "panel.background": "#193549",
    "panel.border": "#1f4462",
    "panelTitle.activeBorder": "#ff9d00",
    "panelTitle.activeForeground": "#80ffbb",
    "panelTitle.inactiveForeground": "#ffc600",
    "terminal.background": "#193549",
    "terminal.foreground": "#80ffbb",
    "terminal.ansiBlack": "#193549",
    "terminal.ansiRed": "#d88500",
    "terminal.ansiGreen": "#ffa619",
    "terminal.ansiYellow": "#ffd133",
    "terminal.ansiBlue": "#ff9d00",
    "terminal.ansiMagenta": "#bf7500",
    "terminal.ansiCyan": "#ffb033",
    "terminal.ansiWhite": "#80ffbb",
    "terminal.ansiBrightBlack": "#ffc600",
    "terminal.ansiBrightRed": "#ff9d00",
    "terminal.ansiBrightGreen": "#ffb033",
    "terminal.ansiBrightYellow": "#80ffbb",
    "terminal.ansiBrightBlue": "#ffab26",
    "terminal.ansiBrightMagenta": "#e58d00",
    "terminal.ansiBrightCyan": "#ffba4c",
    "terminal.ansiBrightWhite": "#8cffc1",
    "gitDecoration.modifiedResourceForeground": "#ff9d00",
    "gitDecoration.deletedResourceForeground": "#cc7d00",
    "gitDecoration.untrackedResourceForeground": "#ffab26",
    "button.background": "#ff9d00",
    "button.foreground": "#193549",
    "button.hoverBackground": "#ffa619",
    "input.background": "#193549",
    "input.foreground": "#80ffbb",
    "input.border": "#1f4462",
    "input.placeholderForeground": "#ffc600",
    "list.activeSelectionBackground": "#ff9d0030",
    "list.activeSelectionForeground": "#80ffbb",
    "list.hoverBackground": "#1f4462",
    "focusBorder": "#ff9d00",
    "scrollbarSlider.background": "#ffc60040",
    "scrollbarSlider.hoverBackground": "#ffc60060",
    "scrollbarSlider.activeBackground": "#ffc60080"
  },
  "tokenColors": [
    {
      "scope": "comment",
      "settings": {
        "foreground": "#ffc600",
        "fontStyle": "italic"
      }
    },
    {
      "scope": [
        "keyword",
        "keyword.control",
        "storage.type",
        "storage.modifier"
      ],
      "settings": {
        "foreground": "#ff9d00"
      }
    },
    {
      "scope": "string",
      "settings": {
        "foreground": "#ffba4c"
      }
    },
    {
      "scope": [
        "constant.numeric",
        "constant.language"
      ],
      "settings": {
        "foreground": "#ffb033"
      }
    },
    {
      "scope": "variable",
      "settings": {
        "foreground": "#80ffbb"
      }
    },
    {
      "scope": "variable.parameter",
      "settings": {
        "foreground": "#86ffbe"
      }
    },
    {
      "scope": [
        "entity.name.function",
        "support.function"
      ],
      "settings": {
        "foreground": "#ffb53f"
      }
    },
    {
      "scope": [
        "entity.name.type",
        "entity.name.class"
      ],
      "settings": {
        "foreground": "#80ffbb"
      }
    },
    {
      "scope": "entity.name.tag",
      "settings": {
        "foreground": "#ff9d00"
      }
    },
    {
      "scope": "entity.other.attribute-name",
      "settings": {
        "foreground": "#ffab26"
      }
    },
    {
      "scope": "punctuation",
      "settings": {
        "foreground": "#ffc600"
      }
    },
    {
      "scope": "meta.decorator",
      "settings": {
        "foreground": "#ff9d00"
      }
    }
  ]
}