{
  "name": "Forest",
  "type": "dark",
  "colors": {
    "editor.background": "#0D1F0A",
    "editor.foreground": "#ACD322",
    "editorLineNumber.foreground": "#1E483C",
    "editorLineNumber.activeForeground": "#ACD322",
    "editorCursor.foreground": "#62A527",
    "editor.selectionBackground": "#62A52740",
    "editor.selectionHighlightBackground": "#62A52725",
    "editor.wordHighlightBackground": "#62A52730",
    "editor.findMatchBackground": "#62A52750",
    "editor.findMatchHighlightBackground": "#62A52730",
    "editor.lineHighlightBackground": "#152910",
    "editorWhitespace.foreground": "#1E483C40",
    "editorIndentGuide.background": "#152910",
    "editorIndentGuide.activeBackground": "#1E483C",
    "editorBracketMatch.background": "#62A52730",
    "editorBracketMatch.border": "#62A527",
    "sideBar.background": "#152910",
    "sideBar.foreground": "#ACD322",
    "sideBar.border": "#152910",
    "sideBarTitle.foreground": "#ACD322",
    "activityBar.background": "#0D1F0A",
    "activityBar.foreground": "#ACD322",
    "activityBar.border": "#152910",
    "activityBar.activeBorder": "#62A527",
    "activityBarBadge.background": "#62A527",
    "activityBarBadge.foreground": "#0D1F0A",
    "titleBar.activeBackground": "#0D1F0A",
    "titleBar.activeForeground": "#ACD322",
    "titleBar.inactiveBackground": "#152910",
    "titleBar.inactiveForeground": "#1E483C",
    "statusBar.background": "#0D1F0A",
    "statusBar.foreground": "#1E483C",
    "statusBar.border": "#152910",
    "statusBar.debuggingBackground": "#62A527",
    "statusBar.debuggingForeground": "#0D1F0A",
    "tab.activeBackground": "#0D1F0A",
    "tab.activeForeground": "#ACD322",
    "tab.activeBorder": "#62A527",
    "tab.inactiveBackground": "#152910",
    "tab.inactiveForeground": "#1E483C",
    "tab.border": "#152910",
    "panel.background": "#0D1F0A",
    "panel.border": "#152910",
    "panelTitle.activeBorder": "#62A527",
    "panelTitle.activeForeground": "#ACD322",
    "panelTitle.inactiveForeground": "#1E483C",
    "terminal.background": "#0D1F0A",
    "terminal.foreground": "#ACD322",
    "terminal.ansiBlack": "#0D1F0A",
    "terminal.ansiRed": "#538c21",
    "terminal.ansiGreen": "#71ae3c",
    "terminal.ansiYellow": "#4b6c63",
    "terminal.ansiBlue": "#62A527",
    "terminal.ansiMagenta": "#497b1d",
    "terminal.ansiCyan": "#81b752",
    "terminal.ansiWhite": "#ACD322",
    "terminal.ansiBrightBlack": "#1E483C",
    "terminal.ansiBrightRed": "#62A527",
    "terminal.ansiBrightGreen": "#81b752",
    "terminal.ansiBrightYellow": "#ACD322",
    "terminal.ansiBrightBlue": "#79b247",
    "terminal.ansiBrightMagenta": "#589423",
    "terminal.ansiBrightCyan": "#91c067",
    "terminal.ansiBrightWhite": "#b4d738",
    "gitDecoration.modifiedResourceForeground": "#62A527",
    "gitDecoration.deletedResourceForeground": "#4e841f",
    "gitDecoration.untrackedResourceForeground": "#79b247",
    "button.background": "#62A527",
    "button.foreground": "#0D1F0A",
    "button.hoverBackground": "#71ae3c",
    "input.background": "#0D1F0A",
    "input.foreground": "#ACD322",
    "input.border": "#152910",
    "input.placeholderForeground": "#1E483C",
    "list.activeSelectionBackground": "#62A52730",
    "list.activeSelectionForeground": "#ACD322",
    "list.hoverBackground": "#152910",
    "focusBorder": "#62A527",
    "scrollbarSlider.background": "#1E483C40",
    "scrollbarSlider.hoverBackground": "#1E483C60",
    "scrollbarSlider.activeBackground": "#1E483C80"
  },
  "tokenColors": [
    {
      "scope": "comment",
      "settings": {
        "foreground": "#1E483C",
        "fontStyle": "italic"
      }
    },
    {
      "scope": [
        "keyword",
        "keyword.control",
        "storage.type",
        "storage.modifier"
      ],
      "settings": {
        "foreground": "#62A527"
      }
    },
    {
      "scope": "string",
      "settings": {
        "foreground": "#91c067"
      }
    },
    {
      "scope": [
        "constant.numeric",
        "constant.language"
      ],
      "settings": {
        "foreground": "#81b752"
      }
    },
    {
      "scope": "variable",
      "settings": {
        "foreground": "#ACD322"
      }
    },
    {
      "scope": "variable.parameter",
      "settings": {
        "foreground": "#b0d52d"
      }
    },
    {
      "scope": [
        "entity.name.function",
        "support.function"
      ],
      "settings": {
        "foreground": "#89bb5d"
      }
    },
    {
      "scope": [
        "entity.name.type",
        "entity.name.class"
      ],
      "settings": {
        "foreground": "#ACD322"
      }
    },
    {
      "scope": "entity.name.tag",
      "settings": {
        "foreground": "#62A527"
      }
    },
    {
      "scope": "entity.other.attribute-name",
      "settings": {
        "foreground": "#79b247"
      }
    },
    {
      "scope": "punctuation",
      "settings": {
        "foreground": "#1E483C"
      }
    },
    {
      "scope": "meta.decorator",
      "settings": {
        "foreground": "#62A527"
      }
    }
  ]
}